[{
 "id":"book1",
  "bookName": "娇妻撩人1：桀骜总裁温宠入骨1",
  "bookStyle":"都市青春",
  "introduction":"父亲养小三贪污入狱前,诱骗她上了A市大总裁的床.<br/>她:'总裁不要,我不是故意的!'<br/>总裁:'不是故意的?那为什么诱惑我?'<br/>她:'啊?我没有!'"
},{
 "id":"book2",
  "bookName": "娇妻撩人2：桀骜总裁温宠入骨",
  "bookStyle":"都市青春",
  "introduction":"父亲养小三贪污入狱前,诱骗她上了A市大总裁的床.<br/>她:'总裁不要,我不是故意的!'<br/>总裁:'不是故意的?那为什么诱惑我?'<br/>她:'啊?我没有!'"
}]