[
	{
		"id":"c1",
		"styleName":"玄幻奇幻",
		"imageUrl":"image/组-31.png"
	},{
		"id":"c1",
		"styleName":"都市青春",
		"imageUrl":"image/组-32.png"
	},{
		"id":"c1",
		"styleName":"穿越修仙",
		"imageUrl":"image/组-33.png"
	},{
		"id":"c1",
		"styleName":"古代言情",
		"imageUrl":"image/组-34.png"
	},{
		"id":"c1",
		"styleName":"幻想现言",
		"imageUrl":"image/组-35.png"
	},{
		"id":"c1",
		"styleName":"科幻网游",
		"imageUrl":"image/组-36.png"
	},{
		"id":"c1",
		"styleName":"异世大陆",
		"imageUrl":"image/组-37.png"
	},{
		"id":"c1",
		"styleName":"短篇",
		"imageUrl":"image/组-38.png"
	}
]
