{
    "id": "c1",
    "imageUrl": "/image/company-1.png",
    "name": "慕课网",
    "industry": "移动互联网",
    "state": "A轮",
    "people": "50-150人",
    "positionClass": [{
      "id": "jishu",
      "name": "技术",
      "positionList": [{
        "id": "p1",
        "name": "IOS前端工程师",
        "createdDate": "2016-04-16 23:30",
        "salary": "15k-25k"
      }]
    }, {
      "id": "yunying",
      "name": "运营",
      "positionList": [{
        "id": "y1",
        "name": "运营总监",
        "createdDate": "2016-04-10 13:30",
        "salary": "25k以上"
      }]
    }]
}
