{
    "httpCode": 200,
    "msg": "请求成功",
    "timestamp": 1504168489199,
    "data":{
            "pageNum":1,
            "pageSize":3,
            "total":6,
            "list":[
               {
                    "volumeName":"第一卷",
                    "chapterId":1,
                    "chapterName":"第一章 涅槃归来",
                    "readPermission":"all",
                    "purchased":true,
                    "reading":false
                },{
                    "volumeName":"第一卷",
                    "chapterId":2,
                    "chapterName":"第二章 涅槃归来",
                    "readPermission":"all",
                    "purchased":true,
                    "reading":false
                },{
                    "volumeName":"第二卷",
                    "chapterId":1,
                    "chapterName":"第一章 涅槃归来",
                    "readPermission":"all",
                    "purchased":true,
                    "reading":true
                },{
                    "volumeName":"第二卷",
                    "chapterId":1,
                    "chapterName":"第二章 涅槃归来",
                    "readPermission":"vip",
                    "purchased":true,
                    "reading":false
                },{
                    "volumeName":"第三卷",
                    "chapterId":1,
                    "chapterName":"第一章 涅槃归来",
                    "readPermission":"vip",
                    "purchased":false,
                    "reading":false
                }
            ]
        }
}

