{
	"httpCode": 200,
    "msg": "请求成功",
    "timestamp": 1504168489199,
    "data":{
    	"banners":[
    		{
    			"bannerId":1,
    			"bannerCover":"image/banner1.jpg",
    			"bannerUrl":"http://baidu.com"
    		}
    	],
    	"columns":[
    		{
    			"columnId":1,
    			"columnName":"主编力荐",
    			"bookList":[
    				{
    					"bookId":1,
    					"bookName":"1言情小说的名字可能长，预留一行，超过隐藏。。。",
    					"introduction":"小说简介,最长可以设置两行",
    					"bookCover":"image/7e84e237176.jpg",
    					"concern":200,
    					"reading":300
    				},
    				{
    					"bookId":1,
    					"bookName":"2言情小说的名字可能长，预留一行，超过隐藏。。。",
    					"introduction":"小说简介,最长可以设置两行",
    					"bookCover":"image/9fac924797a.jpg",
    					"concern":200,
    					"reading":300
    				},
    				{
    					"bookId":1,
    					"bookName":"3言情小说的名字可能长，预留一行，超过隐藏。。。",
    					"introduction":"小说简介,最长可以设置两行",
    					"bookCover":"image/28b7fd07b90.jpg",
    					"concern":200,
    					"reading":300
    				}
    			]
    		},
    		{
    			"columnId":2,
    			"columnName":"畅销精品",
    			"bookList":[
    				{
    					"bookId":1,
    					"bookName":"1言情小说的名字可能长，预留一行，超过隐藏。。。",
    					"introduction":"小说简介,最长可以设置两行",
    					"bookCover":"image/7e84e237176.jpg",
    					"concern":200,
    					"reading":300
    				},
    				{
    					"bookId":1,
    					"bookName":"2言情小说的名字可能长，预留一行，超过隐藏。。。",
    					"introduction":"小说简介,最长可以设置两行",
    					"bookCover":"image/9fac924797a.jpg",
    					"concern":200,
    					"reading":300
    				},
    				{
    					"bookId":1,
    					"bookName":"3言情小说的名字可能长，预留一行，超过隐藏。。。",
    					"introduction":"小说简介,最长可以设置两行",
    					"bookCover":"image/28b7fd07b90.jpg",
    					"concern":200,
    					"reading":300
    				}
    			]
    		},
    		{
    			"columnId":3,
    			"columnName":"男生专区",
    			"bookList":[
    				{
    					"bookId":1,
    					"bookName":"1言情小说的名字可能长，预留一行，超过隐藏。。。",
    					"introduction":"小说简介,最长可以设置两行",
    					"bookCover":"image/7e84e237176.jpg",
    					"concern":200,
    					"reading":300
    				},
    				{
    					"bookId":1,
    					"bookName":"2言情小说的名字可能长，预留一行，超过隐藏。。。",
    					"introduction":"小说简介,最长可以设置两行",
    					"bookCover":"image/9fac924797a.jpg",
    					"concern":200,
    					"reading":300
    				},
    				{
    					"bookId":1,
    					"bookName":"3言情小说的名字可能长，预留一行，超过隐藏。。。",
    					"introduction":"小说简介,最长可以设置两行",
    					"bookCover":"image/28b7fd07b90.jpg",
    					"concern":200,
    					"reading":300
    				}
    			]
    		},
    		{
    			"columnId":4,
    			"columnName":"专题",
    			"bookList":[
    				{
    					"bookId":1,
    					"bookCover":"image/accbdb769cb.jpg"
    				},
    				{
    					"bookId":1,
    					"bookCover":"image/b4da1f7601e.jpg"
    				}
    			]
    		}
    	]
    }
}
