{
	"httpCode": 200,
    "msg": "请求成功",
    "timestamp": 1504168489199,
    "styleId":"c1",
    "data":[
		{
			"bookId":"l11",
	        "bookName": "娇妻撩人1：桀骜总裁温宠入骨1",
	        "bookCover":"image/7e84e237176.jpg",
	        "concern":"123",
	        "reading":"456",
	        "introduction":"父亲养小三贪污入狱前,诱骗她上了A市大总裁的床.<br/>她:'总裁不要,我不是故意的!'<br/>总裁:'不是故意的?那为什么诱惑我?'<br/>她:'啊?我没有!'"
		},{
			"bookId":"l12",
	        "bookName": "娇妻撩人1：桀骜总裁温宠入骨1",
	        "bookCover":"image/7e84e237176.jpg",
	        "concern":"123",
	        "reading":"456",
	        "introduction":"父亲养小三贪污入狱前,诱骗她上了A市大总裁的床.<br/>她:'总裁不要,我不是故意的!'<br/>总裁:'不是故意的?那为什么诱惑我?'<br/>她:'啊?我没有!'"
		},{
			"bookId":"l13",
	        "bookName": "娇妻撩人1：桀骜总裁温宠入骨1",
	        "bookCover":"image/7e84e237176.jpg",
	        "concern":"123",
	        "reading":"456",
	        "introduction":"父亲养小三贪污入狱前,诱骗她上了A市大总裁的床.<br/>她:'总裁不要,我不是故意的!'<br/>总裁:'不是故意的?那为什么诱惑我?'<br/>她:'啊?我没有!'"
		},{
			"bookId":"l14",
	        "bookName": "娇妻撩人1：桀骜总裁温宠入骨1",
	        "bookCover":"image/7e84e237176.jpg",
	        "concern":"123",
	        "reading":"456",
	        "introduction":"父亲养小三贪污入狱前,诱骗她上了A市大总裁的床.<br/>她:'总裁不要,我不是故意的!'<br/>总裁:'不是故意的?那为什么诱惑我?'<br/>她:'啊?我没有!'"
		},{
			"bookId":"l15",
	        "bookName": "娇妻撩人1：桀骜总裁温宠入骨1",
	        "bookCover":"image/7e84e237176.jpg",
	        "concern":"123",
	        "reading":"456",
	        "introduction":"父亲养小三贪污入狱前,诱骗她上了A市大总裁的床.<br/>她:'总裁不要,我不是故意的!'<br/>总裁:'不是故意的?那为什么诱惑我?'<br/>她:'啊?我没有!'"
		},{
			"bookId":"l16",
	        "bookName": "娇妻撩人1：桀骜总裁温宠入骨1",
	        "bookCover":"image/7e84e237176.jpg",
	        "concern":"123",
	        "reading":"456",
	        "introduction":"父亲养小三贪污入狱前,诱骗她上了A市大总裁的床.<br/>她:'总裁不要,我不是故意的!'<br/>总裁:'不是故意的?那为什么诱惑我?'<br/>她:'啊?我没有!'"
		}
	]
}

