[{
  "id": "wt1",
  "title": "1. 如何进行充值？",
  "content":""
}, {
  "id": "wt2",
  "title": "1. 如何进行充值？",
  "content":""
}, {
  "id": "wt3",
  "title": "1. 如何进行充值？",
  "content":""
}, {
  "id": "wt4",
  "title": "1. 如何进行充值？",
  "content":""
}, {
 "id": "wt5",
  "title": "1. 如何进行充值？",
  "content":""
},{
  "id": "wt6",
  "title": "1. 如何进行充值？",
  "content":""
},{
  "id": "wt7",
  "title": "1. 如何进行充值？",
  "content":""
}]