{
    "httpCode": 200,
    "msg": "请求成功",
    "timestamp": 1504168489199,
    "data":[
        {
            "rankingId":1,
            "rankingName":"月榜",
            "bookList":[
                {
                    "bookId":1,
                    "bookName":"小说名称",
                    "bookCover":"image/7e84e237176.jpg"
                },{
                    "bookId":1,
                    "bookName":"小说名称",
                    "bookCover":"image/9fac924797a.jpg"
                },{
                    "bookId":1,
                    "bookName":"小说名称",
                    "bookCover":"image/28b7fd07b90.jpg"
                },{
                    "bookId":1,
                    "bookName":"小说名称",
                    "bookCover":"image/33dc98ae731.jpg"
                }
            ]
        },
        {
            "rankingId":2,
            "rankingName":"季榜",
            "bookList":[
               ,{
                    "bookId":1,
                    "bookName":"小说名称",
                    "bookCover":"image/59aca75e51c.jpg"
                },{
                    "bookId":1,
                    "bookName":"小说名称",
                    "bookCover":"image/76899fcdad5.jpg"
                },{
                    "bookId":1,
                    "bookName":"小说名称",
                    "bookCover":"image/383436d3c58.jpg"
                },{
                    "bookId":1,
                    "bookName":"小说名称",
                    "bookCover":"image/982728a57ba.jpg"
                }
            ]
        },
        {
            "rankingId":3,
            "rankingName":"半年榜",
            "bookList":[
               {
                    "bookId":1,
                    "bookName":"小说名称",
                    "bookCover":"image/7e84e237176.jpg"
                },{
                    "bookId":1,
                    "bookName":"小说名称",
                    "bookCover":"image/9fac924797a.jpg"
                },{
                    "bookId":1,
                    "bookName":"小说名称",
                    "bookCover":"image/28b7fd07b90.jpg"
                },{
                    "bookId":1,
                    "bookName":"小说名称",
                    "bookCover":"image/33dc98ae731.jpg"
                }
            ]
        },
        {
            "rankingId":4,
            "rankingName":"作者榜",
            "bookList":[
               {
                    "bookId":1,
                    "bookName":"小说名称",
                    "bookCover":"image/baf4698e70c.jpg"
                },{
                    "bookId":1,
                    "bookName":"小说名称",
                    "bookCover":"image/c9bad91e2d9.jpg"
                },{
                    "bookId":1,
                    "bookName":"小说名称",
                    "bookCover":"image/pic_1.jpg"
                },{
                    "bookId":1,
                    "bookName":"小说名称",
                    "bookCover":"image/fa9f07ada7d.jpg"
                }
            ]
        }
    ]
}
